"word","freq"
"the",143900
"to",83506
"and",72659
"a",72445
"of",60146
"in",49880
"i",49084
"for",33228
"is",32501
"that",31760
"you",28649
"it",27521
"on",24387
"with",21663
"was",18587
"my",18239
"at",17067
"be",16530
"this",16135
"have",16077
"are",14832
"as",14513
"but",14340
"he",13198
"we",13127
"not",12187
"from",11635
"so",11615
"me",11129
"its",10845
"all",9894
"they",9865
"will",9425
"by",9384
"said",9324
"or",9294
"just",9176
"his",9166
"your",9059
"about",8994
"up",8994
"out",8922
"an",8861
"one",8636
"if",8506
"what",8336
"like",8226
"when",8107
"has",7879
"can",7727
"who",7512
"im",7395
"more",7387
"do",7346
"get",7029
"had",6756
"were",6587
"her",6533
"time",6320
"there",6265
"would",6240
"their",6084
"she",5992
"some",5972
"new",5959
"no",5916
"our",5637
"been",5588
"how",5421
"now",5364
"dont",5344
"good",5343
"day",5073
"them",5070
"love",4981
"know",4951
"people",4918
"us",4483
"than",4427
"back",4364
"which",4337
"go",4299
"see",4180
"first",4168
"make",4044
"also",4011
"into",3978
"after",3958
"well",3852
"because",3786
"over",3782
"last",3766
"think",3760
"going",3754
"great",3753
"only",3747
"him",3739
"then",3728
"other",3698
"much",3621
"year",3582
"two",3539
"could",3506
"really",3477
"am",3435
"too",3429
"way",3429
"today",3383
"even",3333
"got",3249
"still",3192
"want",3172
"years",3134
"did",3120
"right",3090
"work",3075
"where",2969
"need",2957
"here",2953
"thanks",2886
"off",2851
"any",2849
"very",2835
"rt",2736
"most",2721
"many",2719
"thats",2696
"before",2649
"those",2646
"take",2633
"down",2612
"life",2610
"being",2606
"should",2566
"say",2559
"made",2547
"cant",2544
"never",2528
"little",2512
"these",2497
"come",2480
"home",2442
"best",2436
"next",2387
"u",2380
"may",2348
"while",2336
"why",2324
"through",2280
"night",2278
"school",2268
"things",2247
"week",2196
"game",2191
"something",2148
"lol",2118
"always",2068
"another",2016
"didnt",2015
"every",2003
"happy",1993
"ive",1971
"better",1965
"world",1964
"look",1940
"state",1939
"big",1936
"around",1934
"show",1896
"youre",1860
"feel",1836
"few",1832
"such",1788
"since",1780
"long",1779
"man",1779
"again",1772
"same",1772
"thing",1754
"three",1733
"find",1681
"own",1675
"days",1674
"sure",1667
"help",1662
"lot",1660
"hope",1657
"city",1646
"getting",1620
"use",1618
"follow",1617
"does",1599
"keep",1571
"ever",1566
"ill",1563
"family",1550
"says",1547
"team",1540
"both",1530
"put",1521
"each",1520
"until",1520
"give",1518
"let",1512
"house",1494
"part",1491
"place",1486
"thank",1483
"tonight",1467
"looking",1460
"end",1459
"though",1454
"away",1444
"old",1431
"play",1430
"might",1429
"high",1408
"hes",1407
"oh",1378
"book",1373
"pm",1372
"start",1372
"thought",1369
"doing",1367
"free",1361
"th",1361
"done",1355
"yes",1355
"morning",1329
"used",1328
"friends",1324
"went",1324
"everyone",1319
"doesnt",1316
"season",1314
"tell",1303
"without",1298
"found",1293
"left",1288
"someone",1277
"god",1273
"call",1270
"came",1264
"during",1262
"fun",1262
"told",1262
"money",1258
"between",1247
"please",1243
"enough",1240
"having",1238
"st",1238
"bad",1233
"times",1233
"against",1230
"live",1219
"making",1207
"million",1196
"hard",1195
"percent",1181
"working",1181
"already",1175
"try",1168
"theres",1164
"set",1162
"real",1159
"s",1158
"pretty",1152
"wait",1151
"coming",1149
"job",1137
"music",1136
"yet",1135
"far",1125
"point",1119
"called",1118
"second",1116
"nice",1104
"read",1102
"took",1090
"different",1083
"top",1077
"trying",1067
"must",1066
"soon",1064
"food",1063
"public",1063
"stop",1063
"under",1062
"kids",1061
"makes",1061
"run",1051
"maybe",1047
"once",1043
"twitter",1041
"story",1039
"actually",1030
"everything",1028
"win",1027
"county",1024
"weekend",1021
"anything",1018
"talk",1013
"least",1011
"room",1009
"tomorrow",1009
"nothing",1004
"ago",1003
"name",1002
"friday",1001
"four",999
"together",983
"police",980
"started",976
"change",974
"business",972
"open",972
"bit",971
"person",967
"party",949
"later",944
"early",942
"kind",942
"guys",941
"check",940
"ready",930
"small",929
"able",924
"wanted",918
"anyone",916
"course",914
"id",910
"believe",909
"children",909
"months",909
"friend",908
"head",907
"including",907
"group",906
"hey",906
"d",904
"girl",898
"center",896
"myself",892
"white",892
"isnt",891
"awesome",890
"care",889
"less",887
"news",887
"amazing",886
"whats",884
"games",880
"watching",876
"miss",875
"others",875
"company",873
"hit",872
"asked",868
"past",868
"minutes",867
"month",861
"case",858
"lets",856
"watch",856
"support",852
"true",851
"hours",849
"weeks",846
"water",845
"along",841
"full",838
"wasnt",835
"almost",834
"side",832
"idea",831
"lost",829
"theyre",828
"plan",827
"post",827
"young",824
"car",821
"taking",820
"students",818
"hear",816
"saw",816
"line",813
"five",811
"face",809
"mean",807
"using",806
"probably",805
"forward",800
"black",798
"however",798
"else",797
"comes",796
"fact",796
"remember",795
"guy",793
"yeah",787
"office",786
"whole",786
"seen",785
"heart",783
"number",783
"class",782
"finally",780
"president",778
"american",775
"haha",775
"favorite",772
"become",771
"sometimes",771
"half",770
"local",769
"beautiful",768
"several",768
"summer",768
"playing",762
"late",761
"move",758
"wont",758
"following",757
"cool",752
"stay",751
"often",748
"community",747
"wish",739
"needs",735
"blog",734
"gonna",728
"mind",728
"country",723
"saturday",723
"national",720
"area",715
"pay",715
"excited",711
"hate",711
"states",711
"law",710
"program",710
"important",709
"word",705
"bring",703
"birthday",701
"sunday",699
"saying",695
"government",691
"list",690
"behind",689
"monday",688
"women",688
"according",687
"special",687
"thinking",680
"couple",679
"power",678
"reason",676
"series",675
"buy",674
"looks",674
"street",674
"ask",670
"hand",669
"john",669
"court",668
"service",665
"project",664
"quite",664
"gets",663
"phone",663
"close",662
"meet",662
"means",661
"park",661
"question",661
"health",660
"leave",660
"movie",660
"experience",659
"history",657
"problem",657
"whether",657
"add",656
"deal",656
"outside",655
"cut",654
"instead",654
"given",652
"college",651
"share",649
"song",649
"writing",649
"baby",645
"feeling",645
"men",645
"seems",645
"red",644
"former",643
"tweet",642
"event",641
"april",639
"road",638
"stuff",638
"wrong",638
"light",637
"six",637
"talking",637
"w",634
"information",630
"san",627
"social",627
"either",625
"future",622
"system",621
"rather",620
"turn",619
"hot",618
"mom",618
"woman",618
"goes",616
"books",615
"heard",615
"reading",615
"university",615
"enjoy",611
"girls",611
"words",611
"ok",609
"video",609
"knew",607
"sorry",607
"beer",606
"tuesday",603
"chance",600
"running",599
"living",598
"gave",596
"havent",596
"needed",596
"order",593
"shes",592
"green",590
"lead",590
"parents",587
"rest",587
"matter",586
"art",585
"meeting",585
"across",583
"film",582
"welcome",582
"bill",581
"york",581
"fall",580
"felt",579
"perfect",578
"media",577
"points",577
"moment",573
"thursday",573
"among",572
"front",572
"south",572
"large",569
"played",568
"board",567
"easy",567
"ones",567
"sleep",567
"wants",567
"hell",565
"members",565
"especially",562
"shit",562
"learn",561
"shot",561
"guess",560
"couldnt",559
"email",559
"hour",559
"body",558
"glad",558
"market",556
"federal",555
"march",553
"eat",552
"although",549
"short",549
"online",547
"wednesday",547
"works",544
"building",543
"fans",542
"decided",541
"gone",541
"third",541
"north",537
"spring",537
"final",536
"report",536
"town",536
"child",535
"mother",535
"tv",535
"visit",534
"taken",533
"available",529
"crazy",529
"possible",529
"tried",529
"loved",527
"write",527
"drive",526
"starting",526
"understand",524
"coach",522
"happen",521
"players",520
"district",518
"won",518
"pick",517
"within",517
"hair",512
"lives",512
"strong",511
"yourself",511
"added",510
"break",510
"seeing",510
"major",509
"mr",509
"officials",508
"cause",507
"bed",506
"dinner",506
"fire",506
"walk",506
"director",505
"field",503
"tax",503
"wanna",503
"inside",501
"known",501
"sense",501
"west",501
"sweet",500
"death",499
"near",499
"wouldnt",499
"yesterday",499
"store",497
"paper",496
"issue",494
"sounds",494
"card",492
"turned",489
"giving",488
"interesting",486
"spent",486
"schools",485
"son",482
"space",482
"facebook",481
"obama",481
"return",481
"funny",480
"looked",480
"single",479
"eyes",478
"rock",478
"shows",478
"takes",478
"church",477
"wonderful",477
"hold",476
"trip",475
"department",474
"process",474
"site",474
"la",473
"longer",472
"b",471
"control",471
"finished",470
"youll",470
"per",468
"weve",468
"energy",465
"recent",465
"boy",463
"happened",463
"jobs",463
"worth",463
"lots",462
"recently",462
"create",460
"general",460
"himself",460
"political",460
"chicago",459
"wife",458
"ya",458
"based",457
"record",457
"wine",456
"lunch",455
"definitely",454
"christmas",452
"nearly",452
"arent",450
"clear",450
"n",449
"send",449
"ohio",448
"act",447
"personal",447
"wow",447
"waiting",446
"dog",445
"education",445
"goal",445
"father",444
"picture",444
"fine",443
"ur",443
"teams",441
"boys",439
"huge",439
"air",436
"seem",436
"began",435
"perhaps",435
"conference",434
"questions",434
"services",433
"human",432
"youve",431
"coffee",430
"dead",430
"race",430
"age",429
"cannot",427
"fan",427
"likely",427
"weather",426
"challenge",424
"damn",423
"east",423
"level",423
"page",421
"super",421
"war",421
"middle",419
"ball",418
"brown",418
"fight",418
"america",417
"forget",417
"washington",417
"website",417
"cover",416
"plans",416
"success",416
"offer",415
"career",414
"cost",414
"continue",413
"worked",413
"bar",412
"ways",412
"united",411
"door",410
"ass",409
"held",409
"wonder",409
"met",406
"sound",406
"jesus",405
"companies",404
"pass",404
"sent",404
"player",403
"blue",402
"p",402
"yearold",402
"simply",401
"voice",401
"brought",400
"fuck",400
"themselves",400
"band",399
"cold",399
"include",399
"oil",399
"training",399
"entire",398
"jersey",398
"club",397
"okay",397
"issues",396
"simple",396
"exactly",395
"hands",393
"research",393
"answer",392
"due",392
"moving",392
"piece",392
"spend",392
"campaign",391
"cleveland",391
"luck",391
"sales",389
"david",388
"sign",388
"current",386
"earlier",386
"join",386
"problems",386
"whose",386
"omg",385
"stories",385
"became",384
"usually",384
"beat",383
"events",383
"james",383
"plus",383
"stand",383
"learning",382
"round",382
"dad",381
"missed",381
"husband",379
"alone",378
"loss",378
"main",378
"c",377
"decision",377
"football",377
"text",377
"expected",376
"attention",375
"wrote",375
"tickets",373
"feet",372
"followed",372
"knows",372
"sitting",372
"heat",371
"save",370
"drink",369
"vote",368
"whatever",368
"league",367
"budget",366
"moved",366
"listening",365
"mark",365
"opportunity",365
"above",364
"details",364
"louis",363
"died",362
"fresh",362
"congrats",360
"ground",360
"paul",360
"sad",360
"design",359
"example",359
"action",358
"afternoon",358
"billion",358
"deep",358
"development",358
"daughter",357
"focus",357
"practice",357
"judge",356
"r",356
"seriously",356
"staff",356
"dark",355
"lose",355
"paid",355
"cup",354
"followers",354
"gotta",354
"brother",353
"mothers",353
"step",353
"style",353
"totally",353
"busy",352
"mine",351
"opening",351
"provide",351
"learned",350
"sit",350
"fast",349
"july",349
"june",349
"kid",349
"price",349
"form",348
"hospital",347
"star",347
"thoughts",347
"key",346
"quickly",346
"beach",345
"expect",345
"kept",345
"higher",344
"seven",344
"led",343
"lord",343
"michael",343
"truth",343
"ha",342
"low",342
"sun",342
"upon",342
"bank",341
"eight",341
"financial",341
"miles",341
"choice",340
"safe",340
"allow",339
"biggest",339
"data",339
"period",339
"role",339
"dr",338
"ideas",338
"extra",336
"similar",335
"bowl",334
"chris",334
"council",334
"created",334
"track",334
"album",333
"certain",333
"despite",333
"difficult",333
"ahead",332
"position",332
"speak",331
"listen",330
"received",330
"restaurant",330
"security",330
"spending",330
"statement",330
"table",330
"average",329
"box",329
"floor",329
"private",329
"agree",328
"allowed",328
"bought",328
"starts",328
"total",328
"interest",327
"cheese",326
"complete",326
"sister",326
"sports",326
"anyway",325
"itself",325
"member",325
"minute",325
"straight",325
"heres",324
"release",324
"tour",324
"chief",323
"figure",323
"industry",323
"study",323
"character",322
"contact",322
"die",322
"fair",322
"view",322
"account",321
"amount",321
"changed",321
"date",321
"finish",321
"press",321
"student",321
"evening",319
"killed",319
"grow",318
"pictures",318
"spot",318
"wall",318
"completely",317
"further",316
"helped",316
"hi",316
"international",316
"leaving",316
"photos",316
"serious",316
"chicken",315
"groups",315
"interested",315
"places",315
"type",315
"etc",314
"families",314
"medical",314
"released",314
"force",313
"gives",313
"products",313
"wear",313
"california",312
"involved",312
"wearing",312
"hotel",311
"internet",311
"rain",311
"ride",311
"workers",311
"x",311
"color",310
"dream",310
"message",310
"note",310
"dance",309
"earth",309
"growing",309
"o",309
"stage",309
"teachers",309
"tired",309
"comment",308
"quick",308
"review",308
"shop",308
"changes",307
"defense",307
"hall",307
"library",307
"passed",307
"quality",307
"sick",307
"test",307
"written",307
"executive",306
"g",306
"performance",306
"walking",306
"beginning",305
"daily",305
"enjoyed",304
"land",304
"mention",304
"named",304
"build",302
"common",302
"hearing",302
"hurt",302
"property",302
"rights",302
"situation",301
"begin",300
"runs",300
"songs",300
"credit",299
"gift",299
"trust",299
"clean",298
"happens",298
"rose",298
"economic",297
"photo",297
"senior",297
"economy",296
"fell",296
"lady",296
"original",296
"reported",296
"result",296
"sex",296
"natural",295
"results",295
"born",294
"certainly",294
"chocolate",294
"eating",294
"fear",294
"driving",293
"below",292
"beyond",292
"includes",292
"link",292
"safety",292
"version",292
"pain",291
"peace",291
"rate",291
"throughout",291
"k",290
"oregon",290
"radio",290
"article",289
"effort",289
"everybody",289
"leaders",289
"manager",289
"proud",289
"feels",288
"planning",288
"cake",287
"fish",287
"computer",286
"sale",286
"throw",286
"winning",286
"eye",285
"imagine",285
"teacher",285
"absolutely",284
"currently",284
"difference",284
"tough",284
"winter",284
"calls",283
"cancer",283
"ended",283
"kitchen",283
"mostly",283
"plays",283
"texas",283
"via",283
"gas",282
"republican",282
"seemed",282
"truly",282
"asking",281
"cute",281
"de",281
"rules",281
"taste",281
"touch",281
"dude",280
"apparently",279
"interview",279
"loves",279
"older",279
"showed",279
"consider",278
"employees",278
"ice",278
"poor",278
"ran",278
"annual",277
"blood",277
"king",277
"block",276
"รฐ",276
"meant",276
"sold",276
"technology",276
"fit",275
"fucking",275
"quarter",275
"lovely",274
"scene",274
"title",274
"union",274
"worse",274
"portland",273
"reach",273
"regular",273
"river",273
"sat",273
"smith",273
"stopped",273
"included",272
"parts",272
"smile",272
"vs",272
"double",271
"florida",271
"bay",270
"brain",270
"catch",270
"characters",270
"hopefully",270
"choose",269
"committee",269
"cream",269
"holiday",269
"putting",269
"telling",269
"aint",268
"lucky",268
"mike",268
"bitch",267
"increase",267
"present",267
"walked",267
"winner",267
"base",266
"drop",266
"faith",266
"garden",266
"marriage",266
"missing",266
"sell",266
"nd",265
"opened",265
"worst",265
"cards",264
"customers",264
"mix",264
"tweets",264
"except",263
"growth",263
"served",263
"size",263
"society",263
"costs",262
"official",262
"prices",262
"toward",262
"potential",261
"areas",260
"overall",260
"value",260
"announced",259
"english",259
"orange",259
"watched",259
"bag",258
"cases",258
"hoping",258
"lines",258
"popular",258
"relationship",258
"fat",257
"homes",257
"realize",257
"station",257
"anymore",256
"caught",256
"joe",256
"legal",256
"officer",256
"shopping",256
"closed",255
"dress",255
"picked",255
"projects",255
"warm",255
"hello",254
"sort",254
"downtown",253
"forever",253
"match",253
"reasons",253
"ability",252
"cars",252
"immediately",252
"items",252
"m",252
"nature",252
"central",251
"creative",251
"crowd",251
"network",251
"signed",251
"basketball",250
"language",250
"movies",250
"term",250
"eventually",249
"french",249
"onto",249
"supposed",249
"various",249
"whos",249
"access",248
"dear",248
"foot",248
"gold",248
"keeping",248
"romney",248
"agency",247
"baseball",247
"effect",247
"finding",247
"recipe",247
"sugar",247
"terms",247
"bottom",246
"voters",246
"attorney",245
"count",244
"kill",244
"response",244
"serve",244
"election",243
"loving",243
"marketing",243
"previous",243
"science",243
"tells",243
"bus",242
"cook",242
"los",242
"lower",242
"production",242
"programs",242
"evidence",241
"mayor",241
"talked",241
"americans",240
"appreciate",240
"considered",240
"dropped",240
"google",240
"sharing",240
"built",239
"healthy",239
"lack",239
"numbers",238
"officers",238
"session",238
"speaking",238
"tea",238
"trade",238
"fourth",237
"glass",237
"letter",237
"raised",237
"reality",237
"risk",237
"score",237
"stupid",237
"train",237
"address",236
"brand",236
"calling",235
"charges",234
"easily",234
"folks",234
"helping",234
"island",234
"leader",234
"nights",234
"todays",234
"tom",234
"weird",234
"attack",233
"gay",233
"goals",233
"lmao",233
"decide",232
"liked",232
"military",232
"product",232
"records",232
"till",232
"turns",232
"addition",231
"agreed",231
"breakfast",231
"hits",231
"january",231
"latest",231
"offered",231
"positive",231
"shooting",231
"wild",231
"culture",230
"lake",230
"policy",230
"pop",230
"search",230
"weight",230
"yall",230
"dc",229
"corner",228
"headed",228
"knowing",228
"posted",228
"receive",228
"self",228
"successful",228
"apple",227
"cash",227
"rich",227
"stock",227
"traffic",227
"classic",226
"pieces",226
"soul",226
"tree",226
"werent",226
"clearly",225
"exciting",225
"raise",225
"robert",225
"seconds",225
"secret",225
"snow",225
"travel",225
"wide",225
"author",224
"bro",224
"classes",224
"concert",224
"doubt",224
"drug",224
"lived",224
"mad",224
"particularly",224
"reports",224
"shoes",224
"collection",223
"dreams",223
"conversation",222
"dogs",222
"draft",222
"info",222
"museum",222
"source",222
"easier",221
"image",221
"insurance",221
"justice",221
"modern",221
"senate",221
"worry",221
"ah",220
"businesses",220
"failed",220
"none",220
"range",220
"ten",220
"broke",219
"competition",219
"filled",219
"names",219
"victory",219
"indeed",218
"jones",218
"losing",218
"nine",218
"residents",218
"respect",218
"seat",218
"thinks",218
"trouble",218
"francisco",217
"grand",217
"plenty",217
"steve",217
"excellent",216
"individual",216
"williams",216
"authorities",215
"efforts",215
"december",214
"leading",214
"miami",214
"slow",214
"association",213
"menu",213
"square",213
"arrived",212
"cat",212
"charged",212
"fashion",212
"rule",212
"screen",212
"austin",211
"closer",211
"heading",211
"heavy",211
"obviously",211
"realized",211
"unless",211
"yards",211
"avoid",210
"comments",210
"parking",210
"provided",210
"q",210
"remain",210
"teaching",210
"wake",210
"charge",209
"dollars",209
"hasnt",209
"knowledge",209
"novel",209
"owner",209
"roll",209
"attempt",208
"crime",208
"dry",208
"organization",208
"plant",208
"required",208
"yard",208
"broken",207
"christian",207
"cuts",207
"george",207
"nfl",207
"notes",207
"rates",207
"scored",207
"spread",207
"twice",207
"audience",206
"notice",206
"skills",206
"taxes",206
"benefits",205
"november",205
"particular",205
"angeles",204
"helps",204
"showing",204
"stars",204
"thomas",204
"artist",203
"married",203
"model",203
"opinion",203
"planned",203
"web",203
"construction",202
"holding",202
"impact",202
"laugh",202
"management",202
"sauce",202
"schedule",202
"approach",201
"february",201
"pulled",201
"app",200
"bet",200
"e",200
"festival",200
"hill",200
"joy",200
"standing",200
"valley",200
"battle",199
"celebrate",199
"christ",199
"digital",199
"doctor",199
"leaves",199
"paying",199
"physical",199
"willing",199
"cross",198
"firm",198
"gun",198
"largest",198
"likes",198
"nation",198
"benefit",197
"bout",197
"flight",197
"hang",197
"smart",197
"spirit",197
"arts",196
"award",196
"creating",196
"drinking",196
"easter",196
"holy",196
"martin",196
"ourselves",196
"surprise",196
"debt",195
"fund",195
"stores",195
"wedding",195
"august",194
"bigger",194
"code",194
"films",194
"hahaha",194
"milk",194
"reached",194
"remains",194
"shouldnt",194
"western",194
"adding",193
"additional",193
"camp",193
"ends",193
"happening",193
"injury",193
"october",193
"shots",193
"shut",193
"slightly",193
"arizona",192
"coast",192
"criminal",192
"necessary",192
"normal",192
"september",192
"turning",192
"unfortunately",192
"artists",191
"beauty",191
"begins",191
"bridge",191
"camera",191
"congress",191
"contract",191
"decades",191
"enjoying",191
"feature",191
"greatest",191
"highly",191
"powerful",191
"pull",191
"scott",191
"setting",191
"somewhere",191
"surprised",191
"british",190
"civil",190
"forced",190
"global",190
"moments",190
"readers",190
"republicans",190
"ryan",190
"streets",190
"studio",190
"advice",189
"fantastic",189
"j",189
"salt",189
"seasons",189
"towards",189
"buying",188
"continued",188
"host",188
"neighborhood",188
"nobody",188
"prison",188
"whom",188
"century",187
"content",187
"cooking",187
"detroit",187
"gotten",187
"offers",187
"politics",187
"shall",187
"thousands",187
"trees",187
"ugh",187
"alive",186
"championship",186
"delicious",186
"ff",186
"fill",186
"guard",186
"hed",186
"matt",186
"mission",186
"owners",186
"youd",186
"crew",185
"cry",185
"direction",185
"features",185
"forgot",185
"improve",185
"meat",185
"pizza",185
"purpose",185
"stadium",185
"writer",185
"kick",184
"mobile",184
"noted",184
"option",184
"professional",184
"resources",184
"spokesman",184
"complex",183
"democratic",183
"dm",183
"exercise",183
"johnson",183
"majority",183
"nba",183
"significant",183
"specific",183
"speech",183
"ticket",183
"accept",182
"administration",182
"enter",182
"fighting",182
"limited",182
"section",182
"shoot",182
"traditional",182
"brothers",181
"butter",181
"citys",181
"golden",181
"hopes",181
"mile",181
"pool",181
"rd",181
"returned",181
"row",181
"scheduled",181
"shout",181
"window",181
"yea",181
"copy",180
"davis",180
"fully",180
"jack",180
"levels",180
"nations",180
"path",180
"pressure",180
"published",180
"uk",180
"advantage",179
"draw",179
"ladies",179
"nor",179
"patients",179
"purchase",179
"rise",179
"sea",179
"standard",179
"treatment",179
"expensive",178
"generally",178
"hanging",178
"herself",178
"keeps",178
"mentioned",178
"options",178
"trial",178
"compared",177
"everyday",177
"fly",177
"gov",177
"income",177
"investigation",177
"larger",177
"london",177
"stuck",177
"brings",176
"changing",176
"contest",176
"democrats",176
"diego",176
"foundation",176
"promise",176
"baltimore",175
"bright",175
"grew",175
"justin",175
"stick",175
"talent",175
"theyve",175
"treat",175
"usual",175
"yay",175
"activity",174
"appears",174
"balance",174
"cast",174
"clothes",174
"designed",174
"division",174
"magic",174
"somebody",174
"subject",174
"vegas",174
"carry",173
"claim",173
"commercial",173
"gods",173
"housing",173
"mary",173
"pair",173
"pink",173
"southern",173
"thx",173
"wins",173
"acting",172
"afraid",172
"appear",172
"bread",172
"chinese",172
"honor",172
"inspired",172
"kinda",172
"lately",172
"mountain",172
"pages",172
"teach",172
"wondering",172
"arrested",171
"co",171
"flowers",171
"mouth",171
"singing",171
"skin",171
"surgery",171
"yo",171
"boston",170
"degree",170
"estate",170
"pack",170
"wed",170
"youth",170
"agent",169
"airport",169
"avenue",169
"china",169
"commission",169
"selling",169
"sides",169
"speed",169
"wind",169
"covered",168
"craft",168
"cuz",168
"episode",168
"europe",168
"exchange",168
"explain",168
"famous",168
"grown",168
"labor",168
"produce",168
"unique",168
"blues",167
"bottle",167
"capital",167
"continues",167
"demand",167
"direct",167
"funding",167
"guilty",167
"managed",167
"noticed",167
"nyc",167
"prepared",167
"serving",167
"strength",167
"farm",166
"female",166
"houston",166
"journey",166
"killing",166
"memory",166
"posts",166
"push",166
"require",166
"revenue",166
"rice",166
"shared",166
"television",166
"becoming",165
"bunch",165
"f",165
"fabulous",165
"location",165
"denver",164
"officially",164
"possibly",164
"systems",164
"taught",164
"v",164
"variety",164
"wit",164
"agreement",163
"apartment",163
"basic",163
"blessed",163
"charles",163
"concerned",163
"discussion",163
"iphone",163
"jackson",163
"movement",163
"ny",163
"primary",163
"request",163
"sites",163
"worlds",163
"al",162
"background",162
"bob",162
"brian",162
"connection",162
"debate",162
"fellow",162
"taylor",162
"actual",161
"birth",161
"bringing",161
"countries",161
"faces",161
"familiar",161
"images",161
"joined",161
"lights",161
"memories",161
"otherwise",161
"panel",161
"related",161
"bike",160
"decisions",160
"environment",160
"extremely",160
"greater",160
"literally",160
"opportunities",160
"recommend",160
"signs",160
"understanding",160
"waste",160
"cities",159
"claims",159
"doctors",159
"drinks",159
"inc",159
"lie",159
"placed",159
"spoke",159
"younger",159
"desire",158
"freedom",158
"italy",158
"jan",158
"jim",158
"magazine",158
"murder",158
"paint",158
"proposed",158
"quiet",158
"shirt",158
"tiny",158
"writers",158
"animals",157
"appeared",157
"campus",157
"damage",157
"heads",157
"hitting",157
"jump",157
"laws",157
"measure",157
"moon",157
"ms",157
"neither",157
"offense",157
"peter",157
"plants",157
"allows",156
"becomes",156
"empty",156
"evil",156
"handle",156
"population",156
"ppl",156
"customer",155
"grade",155
"meal",155
"presence",155
"provides",155
"random",155
"status",155
"tim",155
"activities",154
"adult",154
"gym",154
"rep",154
"salad",154
"theyll",154
"tournament",154
"update",154
"arms",153
"banks",153
"confidence",153
"crisis",153
"degrees",153
"described",153
"districts",153
"junior",153
"parties",153
"phoenix",153
"seattle",153
"animal",152
"army",152
"authority",152
"governor",152
"hundreds",152
"miller",152
"offering",152
"somehow",152
"terrible",152
"thanksgiving",152
"vacation",152
"awards",151
"breaking",151
"channel",151
"discovered",151
"european",151
"everywhere",151
"moms",151
"playoffs",151
"protect",151
"rip",151
"theme",151
"admit",150
"assistant",150
"boyfriend",150
"congratulations",150
"driver",150
"egg",150
"impossible",150
"jr",150
"ordered",150
"partner",150
"smell",150
"ad",149
"correct",149
"earned",149
"honest",149
"smaller",149
"therefore",149
"ugly",149
"visiting",149
"ending",148
"entertainment",148
"gorgeous",148
"guest",148
"increased",148
"investment",148
"leadership",148
"peoples",148
"pray",148
"trail",148
"vision",148
"adults",147
"aside",147
"considering",147
"da",147
"illinois",147
"machine",147
"matters",147
"pleasure",147
"restaurants",147
"shape",147
"sucks",147
"tips",147
"vice",147
"violence",147
"apart",146
"bills",146
"carolina",146
"colors",146
"edge",146
"foods",146
"funds",146
"italian",146
"leads",146
"loud",146
"mental",146
"pic",146
"tend",146
"truck",146
"van",146
"filed",145
"hungry",145
"independent",145
"mail",145
"solution",145
"staying",145
"steps",145
"usa",145
"vehicle",145
"wood",145
"candidate",144
"chose",144
"click",144
"committed",144
"jeff",144
"lay",144
"meetings",144
"obvious",144
"remove",144
"atlanta",143
"childrens",143
"colorado",143
"comfortable",143
"dish",143
"doors",143
"giant",143
"lee",143
"mexico",143
"millions",143
"multiple",143
"oven",143
"progress",143
"richard",143
"seeking",143
"sending",143
"sky",143
"tip",143
"victims",143
"windows",143
"yellow",143
"actions",142
"attend",142
"ceo",142
"chapter",142
"directly",142
"drove",142
"feed",142
"fox",142
"joke",142
"meanwhile",142
"pan",142
"prize",142
"quote",142
"sexy",142
"slowly",142
"thus",142
"tweeting",142
"unit",142
"ages",141
"aware",141
"boss",141
"buildings",141
"challenges",141
"cheap",141
"feb",141
"gain",141
"giants",141
"ingredients",141
"pitch",141
"route",141
"santa",141
"sets",141
"tie",141
"visitors",141
"agents",140
"bags",140
"critical",140
"decade",140
"england",140
"feelings",140
"foreign",140
"letting",140
"located",140
"material",140
"meaning",140
"plate",140
"prevent",140
"proposal",140
"responsible",140
"ring",140
"saved",140
"sleeping",140
"strange",140
"yours",140
"advance",139
"behavior",139
"era",139
"fingers",139
"fruit",139
"harder",139
"illegal",139
"legs",139
"pants",139
"professor",139
"prosecutors",139
"religious",139
"sing",139
"stone",139
"yep",139
"alcohol",138
"arm",138
"cookies",138
"disease",138
"grace",138
"inspiration",138
"lies",138
"male",138
"net",138
"rare",138
"theater",138
"uses",138
"active",137
"adventure",137
"apply",137
"blame",137
"chat",137
"clients",137
"discuss",137
"em",137
"emotional",137
"facility",137
"fail",137
"frank",137
"injuries",137
"kevin",137
"legislation",137
"print",137
"region",137
"walls",137
"birds",136
"dancing",136
"fix",136
"horse",136
"immigration",136
"negative",136
"strategy",136
"t",136
"thankful",136
"workout",136
"worried",136
"alex",135
"blazers",135
"browns",135
"buddy",135
"caused",135
"dangerous",135
"determined",135
"emergency",135
"falling",135
"heights",135
"ipad",135
"jazz",135
"massive",135
"memorial",135
"nick",135
"plastic",135
"providing",135
"remaining",135
"abuse",134
"anywhere",134
"bear",134
"believed",134
"dallas",134
"deserve",134
"eggs",134
"falls",134
"kansas",134
"michigan",134
"prove",134
"scared",134
"sexual",134
"videos",134
"womens",134
"cats",133
"cell",133
"christie",133
"citizens",133
"coverage",133
"fake",133
"focused",133
"grab",133
"guide",133
"heaven",133
"houses",133
"operations",133
"passing",133
"pro",133
"regional",133
"shed",133
"shower",133
"solid",133
"tho",133
"threw",133
"approved",132
"beef",132
"concerns",132
"conditions",132
"drawing",132
"fb",132
"fifth",132
"honestly",132
"investors",132
"lakers",132
"lawyer",132
"mood",132
"pepper",132
"protection",132
"soft",132
"suddenly",132
"task",132
"william",132
"youtube",132
"bands",131
"bored",131
"coaches",131
"cutting",131
"effective",131
"featured",131
"generation",131
"gifts",131
"grant",131
"hadnt",131
"metal",131
"moves",131
"nearby",131
"passion",131
"playoff",131
"separate",131
"stands",131
"suit",131
"tech",131
"basically",130
"dave",130
"develop",130
"missouri",130
"plane",130
"prepare",130
"target",130
"tears",130
"accepted",129
"ave",129
"candidates",129
"drew",129
"entered",129
"file",129
"gop",129
"newark",129
"puts",129
"raising",129
"relationships",129
"shift",129
"smoke",129
"storm",129
"tony",129
"anniversary",128
"anybody",128
"argument",128
"choices",128
"favor",128
"flying",128
"golf",128
"incredible",128
"paris",128
"participate",128
"pics",128
"types",128
"woke",128
"alright",127
"conservative",127
"failure",127
"governments",127
"invited",127
"leg",127
"markets",127
"package",127
"pounds",127
"recorded",127
"struggle",127
"talented",127
"transportation",127
"views",127
"circle",126
"combined",126
"deals",126
"developed",126
"experts",126
"kings",126
"letters",126
"mall",126
"math",126
"papers",126
"thick",126
"tight",126
"topic",126
"accident",125
"angry",125
"baking",125
"france",125
"hearts",125
"inning",125
"japan",125
"master",125
"native",125
"practices",125
"presentation",125
"purchased",125
"trend",125
"wilson",125
"bc",124
"desk",124
"drunk",124
"equipment",124
"forces",124
"incident",124
"min",124
"musical",124
"smh",124
"standards",124
"suggested",124
"tool",124
"basis",123
"consumer",123
"consumers",123
"drivers",123
"enforcement",123
"flat",123
"mass",123
"mt",123
"perform",123
"plain",123
"religion",123
"retirement",123
"rick",123
"stayed",123
"tune",123
"accused",122
"andrew",122
"beers",122
"crying",122
"distance",122
"drama",122
"hollywood",122
"individuals",122
"lesson",122
"limit",122
"mess",122
"mistake",122
"perfectly",122
"policies",122
"posting",122
"selection",122
"soccer",122
"struck",122
"voted",122
"wings",122
"xd",122
"attended",121
"concern",121
"corporate",121
"declined",121
"defensive",121
"display",121
"encourage",121
"fired",121
"hills",121
"minnesota",121
"newspaper",121
"quarterback",121
"shares",121
"sir",121
"sons",121
"studies",121
"suck",121
"survey",121
"users",121
"village",121
"blast",120
"comedy",120
"concept",120
"dec",120
"dirty",120
"effects",120
"hop",120
"jason",120
"ocean",120
"pace",120
"packed",120
"perspective",120
"reduce",120
"resident",120
"sisters",120
"stood",120
"throwing",120
"tradition",120
"upset",120
"allowing",119
"ate",119
"awkward",119
"believes",119
"blogs",119
"crap",119
"dick",119
"drugs",119
"figured",119
"influence",119
"kelly",119
"minds",119
"northern",119
"offensive",119
"parks",119
"stretch",119
"suppose",119
"tracks",119
"zone",119
"appeal",118
"checked",118
"figures",118
"follows",118
"highest",118
"hilarious",118
"issued",118
"operating",118
"queen",118
"shortly",118
"sport",118
"urban",118
"candy",117
"cultural",117
"dishes",117
"dying",117
"earn",117
"german",117
"guests",117
"happiness",117
"originally",117
"pattern",117
"prayer",117
"ray",117
"reader",117
"shown",117
"suggest",117
"supply",117
"tuned",117
"bake",116
"brewers",116
"chair",116
"client",116
"el",116
"faster",116
"howard",116
"jury",116
"manage",116
"pie",116
"produced",116
"raw",116
"sen",116
"theatre",116
"unemployment",116
"asleep",115
"associated",115
"closing",115
"dozen",115
"fantasy",115
"fees",115
"friendly",115
"juice",115
"organizations",115
"parent",115
"patient",115
"planet",115
"previously",115
"rooms",115
"sees",115
"silver",115
"bird",114
"breath",114
"centers",114
"companys",114
"experienced",114
"finals",114
"grateful",114
"introduced",114
"lemon",114
"mixed",114
"retweet",114
"shell",114
"spanish",114
"structure",114
"tied",114
"woods",114
"adam",113
"communities",113
"elected",113
"henry",113
"ii",113
"irish",113
"judges",113
"l",113
"laid",113
"presidential",113
"proper",113
"responsibility",113
"retired",113
"seats",113
"stress",113
"threat",113
"ben",112
"boat",112
"bond",112
"captain",112
"chosen",112
"confused",112
"covers",112
"excuse",112
"facing",112
"india",112
"itll",112
"kinds",112
"noon",112
"odd",112
"orders",112
"replace",112
"sources",112
"stronger",112
"supporting",112
"tools",112
"ultimately",112
"winners",112
"africa",111
"annoying",111
"application",111
"appropriate",111
"awful",111
"boring",111
"designer",111
"determine",111
"entirely",111
"environmental",111
"eric",111
"factor",111
"flavor",111
"initial",111
"lane",111
"laughing",111
"maryland",111
"mexican",111
"nigga",111
"personally",111
"prefer",111
"profile",111
"removed",111
"reserve",111
"sept",111
"stamp",111
"suffered",111
"treated",111
"upcoming",111
"updates",111
"wanting",111
"alternative",110
"babies",110
"blow",110
"border",110
"catholic",110
"cc",110
"cents",110
"chain",110
"ed",110
"ford",110
"madison",110
"prior",110
"pushing",110
"quit",110
"requires",110
"seek",110
"ship",110
"attacks",109
"crash",109
"eastern",109
"inch",109
"israel",109
"launch",109
"lessons",109
"lil",109
"links",109
"obamas",109
"relief",109
"stamps",109
"wet",109
"whenever",109
"ads",108
"advertising",108
"allen",108
"bible",108
"describe",108
"electric",108
"ensure",108
"entry",108
"flow",108
"grass",108
"horrible",108
"item",108
"neighbors",108
"respond",108
"reviews",108
"rush",108
"bathroom",107
"bears",107
"chairman",107
"childhood",107
"cleaning",107
"confident",107
"dan",107
"documents",107
"experiences",107
"farmers",107
"harry",107
"highway",107
"identity",107
"painting",107
"pot",107
"re",107
"scenes",107
"somewhat",107
"strike",107
"typically",107
"unlike",107
"wtf",107
"african",106
"analysis",106
"appearance",106
"asks",106
"authors",106
"auto",106
"balls",106
"brooklyn",106
"chef",106
"condition",106
"diet",106
"facts",106
"hows",106
"indiana",106
"institute",106
"jail",106
"kiss",106
"license",106
"prime",106
"recovery",106
"reporters",106
"riding",106
"saving",106
"signing",106
"speaker",106
"sunny",106
"votes",106
"ย",105
"actor",105
"afford",105
"cap",105
"chances",105
"decent",105
"disney",105
"dollar",105
"engine",105
"express",105
"finds",105
"inches",105
"makeup",105
"operation",105
"phones",105
"presented",105
"pure",105
"shame",105
"victim",105
"visited",105
"wash",105
"affect",104
"anger",104
"answers",104
"ap",104
"boo",104
"cd",104
"communication",104
"creation",104
"dealing",104
"extended",104
"featuring",104
"fields",104
"finishing",104
"hat",104
"holidays",104
"horror",104
"innings",104
"intense",104
"loan",104
"medium",104
"midnight",104
"minister",104
"mrs",104
"nov",104
"oct",104
"pet",104
"plot",104
"recipes",104
"recognize",104
"rolling",104
"soup",104
"suggestions",104
"supreme",104
"talks",104
"tests",104
"township",104
"virginia",104
"warning",104
"anthony",103
"arena",103
"bottles",103
"checking",103
"fairly",103
"fee",103
"mistakes",103
"nose",103
"philadelphia",103
"pound",103
"scale",103
"um",103
"weak",103
"academic",102
"ale",102
"aw",102
"bodies",102
"canada",102
"commissioner",102
"confirmed",102
"dining",102
"fewer",102
"historical",102
"hole",102
"injured",102
"knee",102
"ncaa",102
"passes",102
"smoking",102
"surely",102
"swear",102
"unable",102
"values",102
"vehicles",102
"walker",102
"amazon",101
"angels",101
"argue",101
"calories",101
"constantly",101
"drawn",101
"fabric",101
"fathers",101
"goodness",101
"graduate",101
"historic",101
"hurts",101
"largely",101
"olive",101
"performing",101
"sixth",101
"suffering",101
"volunteers",101
"cardinals",100
"careful",100
"chase",100
"debut",100
"designs",100
"disappointed",100
"dumb",100
"elementary",100
"explained",100
"fallen",100
"indian",100
"jumped",100
"lazy",100
"medicine",100
"mixture",100
"reaction",100
"reform",100
"revealed",100
"rising",100
"shoulder",100
"spokeswoman",100
"blogging",99
"combine",99
"comfort",99
"completed",99
"cousin",99
"feedback",99
"holds",99
"interests",99
"iron",99
"joining",99
"mini",99
"offices",99
"orlando",99
"pleased",99
"possibility",99
"pushed",99
"ultimate",99
"yoga",99
"aid",98
"button",98
"celebration",98
"deadline",98
"dedicated",98
"fuel",98
"germany",98
"increasing",98
"journal",98
"lying",98
"neck",98
"opposite",98
"performed",98
"picks",98
"regardless",98
"reply",98
"sam",98
"shore",98
"sometime",98
"specifically",98
"testing",98
"til",98
"traveling",98
"vintage",98
"voting",98
"announcement",97
"barely",97
"calm",97
"core",97
"dig",97
"dj",97
"epic",97
"fort",97
"guitar",97
"joseph",97
"josh",97
"killer",97
"mac",97
"materials",97
"method",97
"mirror",97
"monthly",97
"orleans",97
"owned",97
"perry",97
"persons",97
"regarding",97
"reminded",97
"rocks",97
"ron",97
"scary",97
"supporters",97
"swing",97
"tape",97
"vegetables",97
"wisconsin",97
"approval",96
"boost",96
"boxes",96
"celebrating",96
"clothing",96
"courts",96
"creek",96
"delivered",96
"dressed",96
"ears",96
"exist",96
"fault",96
"forest",96
"hiring",96
"idk",96
"japanese",96
"liberal",96
"models",96
"opposed",96
"picking",96
"register",96
"responded",96
"secretary",96
"sentence",96
"suggests",96
"suspect",96
"tag",96
"uh",96
"unusual",96
"wisdom",96
"academy",95
"attending",95
"brilliant",95
"coaching",95
"commitment",95
"corp",95
"forgotten",95
"h",95
"kentucky",95
"lawsuit",95
"maintain",95
"nervous",95
"numerous",95
"promote",95
"punch",95
"represent",95
"roof",95
"roughly",95
"software",95
"surface",95
"theory",95
"tigers",95
"typical",95
"wise",95
"afghanistan",94
"alleged",94
"arrest",94
"breaks",94
"dating",94
"deeply",94
"expectations",94
"girlfriend",94
"graduation",94
"grocery",94
"huh",94
"impressive",94
"jealous",94
"kim",94
"normally",94
"pointed",94
"positions",94
"repeat",94
"spiritual",94
"struggling",94
"thru",94
"attorneys",93
"awake",93
"bars",93
"beating",93
"bid",93
"booth",93
"catching",93
"clinic",93
"colour",93
"compete",93
"connected",93
"couples",93
"crack",93
"discover",93
"intended",93
"max",93
"singer",93
"tebow",93
"thin",93
"useful",93
"y",93
"accounts",92
"bell",92
"cafe",92
"champion",92
"connect",92
"depending",92
"fiction",92
"gallery",92
"heck",92
"homework",92
"honey",92
"jordan",92
"las",92
"loans",92
"masters",92
"milwaukee",92
"poll",92
"powers",92
"reference",92
"remembered",92
"reporting",92
"sacramento",92
"screaming",92
"sessions",92
"stephen",92
"tables",92
"tall",92
"yr",92
"admitted",91
"athletic",91
"attitude",91
"beloved",91
"besides",91
"bound",91
"conversations",91
"critics",91
"daniel",91
"flour",91
"jam",91
"longtime",91
"publishing",91
"recall",91
"santorum",91
"sarah",91
"silly",91
"spots",91
"wishing",91
"butt",90
"category",90
"columbia",90
"constant",90
"convention",90
"emails",90
"employee",90
"established",90
"gear",90
"hired",90
"hunt",90
"lineup",90
"longterm",90
"partners",90
"patrick",90
"politicians",90
"pregnant",90
"recommended",90
"relatively",90
"returning",90
"sand",90
"scoring",90
"wayne",90
"achieve",89
"ann",89
"boards",89
"brief",89
"claimed",89
"columbus",89
"complain",89
"counts",89
"cups",89
"deliver",89
"dessert",89
"detail",89
"equal",89
"fed",89
"frame",89
"hunger",89
"lawmakers",89
"metro",89
"nap",89
"nonprofit",89
"organic",89
"pork",89
"pride",89
"prince",89
"receiving",89
"savings",89
"settled",89
"soldiers",89
"summit",89
"tonights",89
"upper",89
"wrap",89
"adams",88
"anderson",88
"applied",88
"blocks",88
"charity",88
"corn",88
"daughters",88
"finance",88
"forth",88
"furniture",88
"garlic",88
"hero",88
"improved",88
"lifetime",88
"nowhere",88
"occurred",88
"personality",88
"regularly",88
"remained",88
"sf",88
"solo",88
"universe",88
"walks",88
"assembly",87
"assists",87
"bday",87
"cable",87
"cloud",87
"context",87
"couch",87
"dates",87
"false",87
"granted",87
"hardly",87
"inner",87
"length",87
"map",87
"marathon",87
"opens",87
"percentage",87
"powder",87
"preparing",87
"promised",87
"properly",87
"recording",87
"seniors",87
"serves",87
"transition",87
"agencies",86
"alot",86
"americas",86
"assume",86
"bacon",86
"bite",86
"brewing",86
"circumstances",86
"emotions",86
"escape",86
"estimated",86
"favorites",86
"flower",86
"gardens",86
"gathering",86
"goods",86
"grey",86
"hug",86
"humans",86
"meets",86
"mode",86
"motion",86
"profit",86
"rating",86
"reminds",86
"ridiculous",86
"romance",86
"secure",86
"settle",86
"shock",86
"smooth",86
"stomach",86
"supplies",86
"swimming",86
"valentines",86
"yankees",86
"affected",85
"airlines",85
"articles",85
"bureau",85
"burn",85
"clark",85
"combination",85
"convinced",85
"curious",85
"error",85
"faced",85
"fixed",85
"hide",85
"hockey",85
"humor",85
"industrial",85
"listed",85
"lounge",85
"messages",85
"necessarily",85
"outdoor",85
"pocket",85
"prayers",85
"rebounds",85
"recession",85
"sight",85
"suicide",85
"teens",85
"trading",85
"wore",85
"andor",84
"announce",84
"barack",84
"beans",84
"bedroom",84
"belief",84
"brandon",84
"chest",84
"cookie",84
"device",84
"disaster",84
"domestic",84
"donations",84
"editor",84
"expert",84
"extreme",84
"filling",84
"fried",84
"glory",84
"gray",84
"halloween",84
"hip",84
"homeless",84
"hosting",84
"informed",84
"interviews",84
"investigators",84
"jerry",84
"jimmy",84
"landed",84
"mainly",84
"manner",84
"manufacturing",84
"measures",84
"nope",84
"northeast",84
"participants",84
"payment",84
"performances",84
"pour",84
"refused",84
"sheet",84
"stopping",84
"temperature",84
"updated",84
"veterans",84
"volunteer",84
"zero",84
"blogger",83
"carefully",83
"clubs",83
"coat",83
"crossed",83
"directed",83
"dough",83
"download",83
"dramatic",83
"files",83
"forms",83
"freaking",83
"hidden",83
"hire",83
"invite",83
"iowa",83
"lions",83
"nuclear",83
"purple",83
"registration",83
"replaced",83
"rough",83
"shake",83
"suffer",83
"sum",83
"teen",83
"teeth",83
"theyd",83
"writes",83
"actors",82
"answered",82
"bush",82
"casino",82
"closely",82
"closet",82
"contemporary",82
"counter",82
"definition",82
"derby",82
"editing",82
"elements",82
"eve",82
"existing",82
"georgia",82
"goodnight",82
"hundred",82
"increasingly",82
"label",82
"lincoln",82
"lists",82
"manning",82
"mitt",82
"mystery",82
"naturally",82
"nuts",82
"opponents",82
"potentially",82
"resolution",82
"seed",82
"sharp",82
"someday",82
"spain",82
"temple",82
"tower",82
"tries",82
"trips",82
"wines",82
"apps",81
"awareness",81
"badly",81
"basket",81
"branch",81
"causes",81
"chips",81
"congressional",81
"democrat",81
"don",81
"essentially",81
"expand",81
"failing",81
"favourite",81
"greek",81
"horses",81
"ignore",81
"locations",81
"loose",81
"mortgage",81
"pacific",81
"passengers",81
"pen",81
"piano",81
"pittsburgh",81
"poverty",81
"races",81
"relations",81
"relax",81
"remind",81
"returns",81
"rid",81
"rookie",81
"sake",81
"selected",81
"solutions",81
"sought",81
"sox",81
"supported",81
"tackle",81
"transfer",81
"waited",81
"wave",81
"weekly",81
"appointment",80
"armed",80
"arrive",80
"athletes",80
"attached",80
"bin",80
"bitches",80
"challenging",80
"competitive",80
"cooked",80
"depth",80
"duty",80
"expressed",80
"finger",80
"ima",80
"immediate",80
"impressed",80
"increases",80
"instance",80
"intelligence",80
"kidding",80
"lawyers",80
"linked",80
"mans",80
"organized",80
"portion",80
"reasonable",80
"resort",80
"saints",80
"searching",80
"speaks",80
"stir",80
"switch",80
"turkey",80
"witness",80
"yup",80
"angel",79
"bass",79
"blind",79
"cameras",79
"classroom",79
"clock",79
"collins",79
"computers",79
"conflict",79
"covering",79
"delivery",79
"elizabeth",79
"forgive",79
"frozen",79
"garage",79
"gate",79
"grill",79
"ideal",79
"identified",79
"incredibly",79
"mens",79
"pissed",79
"rarely",79
"rent",79
"roads",79
"saturdays",79
"strip",79
"titles",79
"uncle",79
"unknown",79
"visits",79
"weekends",79
"wing",79
"adds",78
"adorable",78
"beats",78
"bother",78
"bulls",78
"bye",78
"carrying",78
"carter",78
"charter",78
"def",78
"existence",78
"expecting",78
"formed",78
"freshman",78
"helpful",78
"jon",78
"keys",78
"lips",78
"marijuana",78
"occasionally",78
"photography",78
"racing",78
"receiver",78
"ribbon",78
"sadly",78
"scores",78
"silence",78
"sorts",78
"stops",78
"survive",78
"tampa",78
"tasting",78
"taxpayers",78
"touched",78
"vikings",78
"ward",78
"wars",78
"wrapped",78
"acts",77
"advanced",77
"assistance",77
"attractive",77
"ban",77
"bless",77
"chairs",77
"cheers",77
"continuing",77
"copies",77
"danger",77
"depression",77
"dropping",77
"elections",77
"employment",77
"entering",77
"essential",77
"explore",77
"fancy",77
"fitness",77
"gary",77
"gross",77
"guarantee",77
"heavily",77
"index",77
"jose",77
"laptop",77
"legislative",77
"minor",77
"mommy",77
"nite",77
"olympic",77
"reputation",77
"roots",77
"seeds",77
"shirts",77
"sigh",77
"tank",77
"thompson",77
"veteran",77
"workshop",77
"affairs",76
"avengers",76
"bruce",76
"climate",76
"devices",76
"discussed",76
"ear",76
"gap",76
"glasses",76
"grilled",76
"guns",76
"identify",76
"importance",76
"indians",76
"jets",76
"joint",76
"minimum",76
"neighbor",76
"parade",76
"pat",76
"rally",76
"rangers",76
"reporter",76
"sandwich",76
"surrounded",76
"ted",76
"thrilled",76
"violent",76
"weapons",76
"wishes",76
"android",75
"applications",75
"assault",75
"awhile",75
"breathing",75
"charlie",75
"conduct",75
"denied",75
"examples",75
"fishing",75
"gm",75
"lab",75
"larry",75
"launched",75
"legislature",75
"limits",75
"monster",75
"moral",75
"opposition",75
"oscar",75
"pile",75
"precious",75
"pub",75
"roy",75
"ruling",75
"rural",75
"silent",75
"split",75
"stations",75
"stream",75
"tasty",75
"tons",75
"units",75
"vanilla",75
"volume",75
"amendment",74
"ancient",74
"brands",74
"bucks",74
"cares",74
"castle",74
"ceremony",74
"christians",74
"comic",74
"contributed",74
"courage",74
"document",74
"exhibit",74
"facilities",74
"fame",74
"fbi",74
"fridays",74
"greg",74
"handed",74
"hunting",74
"impression",74
"involves",74
"lewis",74
"lisa",74
"locked",74
"mama",74
"meals",74
"nicely",74
"nj",74
"platform",74
"represents",74
"rolled",74
"romantic",74
"ross",74
"shelter",74
"sheriffs",74
"soo",74
"steel",74
"tone",74
"twin",74
"argued",73
"bench",73
"bone",73
"btw",73
"burning",73
"communications",73
"delay",73
"depends",73
"deputy",73
"devils",73
"dvd",73
"embrace",73
"equally",73
"espn",73
"holes",73
"hospitals",73
"ink",73
"jokes",73
"landscape",73
"lighting",73
"losses",73
"lyrics",73
"muslim",73
"outstanding",73
"penalty",73
"pension",73
"permanent",73
"phil",73
"rams",73
"rejected",73
"repair",73
"salary",73
"select",73
"semester",73
"shoutout",73
"steak",73
"tap",73
"ties",73
"trick",73
"worthy",73
"allegedly",72
"bold",72
"bomb",72
"broadway",72
"capacity",72
"centre",72
"concrete",72
"cycle",72
"destroyed",72
"edition",72
"entertaining",72
"explains",72
"foster",72
"franchise",72
"friendship",72
"gained",72
"graphic",72
"hook",72
"involving",72
"kicked",72
"kingdom",72
"moore",72
"nashville",72
"payments",72
"pennsylvania",72
"philly",72
"privacy",72
"productive",72
"proof",72
"protein",72
"pulling",72
"recognized",72
"requests",72
"rescue",72
"shine",72
"shocked",72
"shrimp",72
"slept",72
"smiling",72
"sudden",72
"superior",72
"surrounding",72
"temporary",72
"valuable",72
"virtual",72
"wat",72
"actress",71
"amy",71
"anytime",71
"aww",71
"ballot",71
"bonus",71
"casting",71
"chopped",71
"complaint",71
"connections",71
"countrys",71
"countys",71
"desert",71
"developing",71
"elsewhere",71
"episodes",71
"exact",71
"expects",71
"gang",71
"imagination",71
"indy",71
"jennifer",71
"load",71
"occupy",71
"oklahoma",71
"principal",71
"prom",71
"ps",71
"publicly",71
"recommendations",71
"sec",71
"statements",71
"stolen",71
"sunshine",71
"therapy",71
"thrown",71
"tomato",71
"tomatoes",71
"trash",71
"voices",71
"walmart",71
"worker",71
"admission",70
"airline",70
"autism",70
"begun",70
"boots",70
"calendar",70
"caps",70
"colleagues",70
"decline",70
"defend",70
"dirt",70
"documentary",70
"drops",70
"engage",70
"fiscal",70
"flights",70
"founded",70
"fraud",70
"idiot",70
"jeremy",70
"kennedy",70
"laying",70
"marks",70
"mcdonalds",70
"mercy",70
"ministry",70
"oakland",70
"owns",70
"patriots",70
"peak",70
"port",70
"possession",70
"preparation",70
"presents",70
"protest",70
"regions",70
"robinson",70
"rolls",70
"samples",70
"severe",70
"sin",70
"solve",70
"species",70
"sponsor",70
"starter",70
"stepped",70
"storage",70
"streak",70
"studying",70
"suspended",70
"thousand",70
"amen",69
"analysts",69
"anne",69
"asian",69
"aspects",69
"atmosphere",69
"aug",69
"blessing",69
"broad",69
"brunch",69
"carried",69
"creativity",69
"crimes",69
"deserves",69
"detective",69
"directions",69
"educational",69
"electronic",69
"fought",69
"highlight",69
"institutions",69
"instructions",69
"jay",69
"knicks",69
"knock",69
"ongoing",69
"painted",69
"peaceful",69
"producing",69
"promises",69
"pumpkin",69
"registered",69
"regret",69
"scientists",69
"scream",69
"slices",69
"sundays",69
"susan",69
"troops",69
"understood",69
"waking",69
"whitney",69
"worldwide",69
"affordable",68
"agenda",68
"allegations",68
"analyst",68
"andy",68
"artistic",68
"atlantic",68
"banana",68
"belt",68
"bits",68
"bitter",68
"bloody",68
"boom",68
"column",68
"deeper",68
"designers",68
"enemy",68
"exit",68
"focusing",68
"formal",68
"foul",68
"handful",68
"height",68
"highlights",68
"hotels",68
"hurry",68
"ie",68
"lebron",68
"merry",68
"mills",68
"mo",68
"morgan",68
"niggas",68
"onions",68
"potato",68
"prospect",68
"quotes",68
"ranked",68
"reward",68
"routine",68
"sean",68
"senator",68
"slice",68
"spirits",68
"stocks",68
"submitted",68
"tragedy",68
"venue",68
"wildlife",68
"acquired",67
"adopted",67
"bones",67
"breast",67
"broadcast",67
"brush",67
"burger",67
"collective",67
"criticism",67
"deaths",67
"dressing",67
"everyones",67
"explanation",67
"firms",67
"flash",67
"funeral",67
"goin",67
"heels",67
"homer",67
"hudson",67
"humanity",67
"hunter",67
"johnny",67
"kyle",67
"listened",67
"maintenance",67
"marry",67
"merely",67
"momentum",67
"oak",67
"onion",67
"peanut",67
"plates",67
"prizes",67
"professionals",67
"rob",67
"roger",67
"sample",67
"seventh",67
"sounded",67
"stays",67
"stewart",67
"string",67
"submit",67
"technical",67
"thunder",67
"toys",67
"twins",67
"blend",66
"boulevard",66
"brewery",66
"causing",66
"ceiling",66
"choosing",66
"counties",66
"cruise",66
"darkness",66
"driven",66
"ex",66
"fam",66
"forecast",66
"frequently",66
"hamilton",66
"hiding",66
"hm",66
"immigrants",66
"jeans",66
"opinions",66
"partnership",66
"pasta",66
"phrase",66
"simon",66
"situations",66
"staring",66
"stated",66
"steal",66
"sticks",66
"throws",66
"torn",66
"trending",66
"tweeted",66
"warned",66
"worries",66
"absence",65
"amid",65
"attempted",65
"bankruptcy",65
"collect",65
"command",65
"commit",65
"constitution",65
"contracts",65
"corporations",65
"cubs",65
"dealer",65
"departments",65
"description",65
"dust",65
"encouraged",65
"enterprise",65
"flavors",65
"function",65
"genius",65
"goodbye",65
"headquarters",65
"hood",65
"jewish",65
"ken",65
"kindle",65
"legacy",65
"literature",65
"lmfao",65
"loaded",65
"luv",65
"magical",65
"newly",65
"overtime",65
"participating",65
"pitcher",65
"poetry",65
"pretend",65
"producer",65
"researchers",65
"retail",65
"revolution",65
"root",65
"russell",65
"shy",65
"skip",65
"snap",65
"spaces",65
"succeed",65
"tacos",65
"unlikely",65
"wheel",65
"woo",65
"wouldve",65
"ย",64
"accomplished",64
"aka",64
"appreciated",64
"belong",64
"carries",64
"christopher",64
"coalition",64
"consultant",64
"crown",64
"demands",64
"describes",64
"divided",64
"ducks",64
"fascinating",64
"fence",64
"fest",64
"flip",64
"follower",64
"handled",64
"homemade",64
"homeowners",64
"improvement",64
"introduce",64
"jane",64
"knees",64
"knife",64
"knocked",64
"laughed",64
"layer",64
"le",64
"loop",64
"mount",64
"navy",64
"pale",64
"pilot",64
"pit",64
"potatoes",64
"represented",64
"sector",64
"shadow",64
"sits",64
"stunning",64
"testimony",64
"throat",64
"topics",64
"towns",64
"tshirt",64
"unions",64
"utility",64
"accomplish",63
"alabama",63
"attempts",63
"backed",63
"bloggers",63
"bobby",63
"conducted",63
"credits",63
"cupcakes",63
"defeat",63
"del",63
"dozens",63
"estimates",63
"exists",63
"exposure",63
"familys",63
"flag",63
"fool",63
"formula",63
"gettin",63
"grabbed",63
"habit",63
"happily",63
"healthcare",63
"hung",63
"initially",63
"inspire",63
"internal",63
"jacket",63
"jews",63
"lonely",63
"luckily",63
"luxury",63
"ma",63
"musicians",63
"nasty",63
"oldest",63
"oo",63
"orchestra",63
"overnight",63
"ownership",63
"packing",63
"patience",63
"patio",63
"patterns",63
"peeps",63
"pregnancy",63
"proved",63
"punk",63
"reaching",63
"referring",63
"reflect",63
"resume",63
"shops",63
"someones",63
"sore",63
"spoken",63
"sushi",63
"tested",63
"timing",63
"trailer",63
"trucks",63
"warren",63
"wooden",63
"worn",63
"wright",63
"abandoned",62
"absolute",62
"antonio",62
"apples",62
"aspect",62
"australia",62
"backs",62
"bonds",62
"burns",62
"celebrated",62
"celebrity",62
"chamber",62
"champions",62
"clay",62
"collecting",62
"comparison",62
"complicated",62
"convicted",62
"crews",62
"custom",62
"declared",62
"divorce",62
"earnings",62
"emily",62
"engaged",62
"harris",62
"hoped",62
"indianapolis",62
"intent",62
"lined",62
"nelson",62
"networks",62
"newest",62
"noise",62
"northwest",62
"noting",62
"palm",62
"photographer",62
"planted",62
"rail",62
"reduced",62
"rutgers",62
"sheets",62
"slide",62
"snack",62
"specials",62
"stole",62
"terrific",62
"terry",62
"traveled",62
"tyler",62
"alexander",61
"celtics",61
"chip",61
"clever",61
"coconut",61
"compare",61
"destination",61
"ft",61
"fucked",61
"greece",61
"honored",61
"hr",61
"innocent",61
"kate",61
"kicking",61
"kobe",61
"lift",61
"matthew",61
"minority",61
"mph",61
"ordinary",61
"personnel",61
"philosophy",61
"proceeds",61
"programming",61
"scholarship",61
"sentiment",61
"slight",61
"sponsors",61
"strikes",61
"technique",61
"thoroughly",61
"ton",61
"visible",61
"addiction",60
"attracted",60
"auction",60
"backup",60
"barbara",60
"broncos",60
"ca",60
"cbs",60
"cheer",60
"chuck",60
"clinton",60
"cocktails",60
"consecutive",60
"contrast",60
"crossing",60
"crucial",60
"dads",60
"detailed",60
"doc",60
"drives",60
"duck",60
"exception",60
"expansion",60
"extension",60
"gig",60
"giveaway",60
"grandma",60
"hawaii",60
"inspiring",60
"iran",60
"iraq",60
"itunes",60
"jonathan",60
"lecture",60
"liberty",60
"liking",60
"mayo",60
"michelle",60
"mondays",60
"motor",60
"naked",60
"obsessed",60
"pitching",60
"pleaded",60
"preserve",60
"presidents",60
"priority",60
"publication",60
"relatives",60
"relevant",60
"remote",60
"requested",60
"resist",60
"roman",60
"runners",60
"screening",60
"spicy",60
"subtle",60
"supports",60
"texture",60
"thankfully",60
"timeline",60
"trained",60
"unexpected",60
"user",60
"versions",60
"wondered",60
"yum",60
"acknowledged",59
"adventures",59
"advocates",59
"affair",59
"apparent",59
"awarded",59
"babe",59
"believing",59
"bud",59
"capable",59
"checks",59
"cherry",59
"chick",59
"contribute",59
"counting",59
"creates",59
"defending",59
"developer",59
"differences",59
"elite",59
"empire",59
"engagement",59
"harm",59
"healing",59
"independence",59
"jumping",59
"linda",59
"locker",59
"lowest",59
"marked",59
"mg",59
"mins",59
"mitchell",59
"nationwide",59
"packers",59
"praise",59
"ravens",59
"reception",59
"roberts",59
"royal",59
"scientific",59
"settlement",59
"signature",59
"solar",59
"speakers",59
"swim",59
"taco",59
"tastes",59
"traded",59
"transit",59
"wealth",59
"wolf",59
"yummy",59
"accidentally",58
"aggressive",58
"alarm",58
"albert",58
"blah",58
"blocked",58
"booked",58
"brew",58
"bull",58
"caring",58
"casey",58
"climb",58
"commerce",58
"commercials",58
"consistent",58
"corruption",58
"daddy",58
"default",58
"edwards",58
"effectively",58
"equivalent",58
"exam",58
"executives",58
"expenses",58
"franklin",58
"fuckin",58
"genre",58
"hardest",58
"hated",58
"hosted",58
"idol",58
"initiative",58
"insisted",58
"instagram",58
"jamie",58
"jessica",58
"latin",58
"laundry",58
"memphis",58
"morris",58
"odds",58
"praying",58
"qualify",58
"quest",58
"rachel",58
"racial",58
"raining",58
"republic",58
"risks",58
"sells",58
"southwest",58
"spin",58
"springs",58
"stealing",58
"suggestion",58
"surprisingly",58
"survived",58
"tale",58
"teammates",58
"tear",58
"techniques",58
"todd",58
"tours",58
"wealthy",58
"zoo",58
"addressed",57
"alan",57
"allstar",57
"asap",57
"attacked",57
"audio",57
"beast",57
"beneath",57
"brad",57
"buyers",57
"chill",57
"circuit",57
"closest",57
"clue",57
"deck",57
"destroy",57
"dimora",57
"discussing",57
"entrance",57
"exposed",57
"extent",57
"factors",57
"fred",57
"grandmother",57
"improving",57
"ipod",57
"karen",57
"korean",57
"lbs",57
"lover",57
"medicare",57
"mentor",57
"mere",57
"mill",57
"minneapolis",57
"mornings",57
"non",57
"object",57
"pac",57
"photographs",57
"plz",57
"possibilities",57
"prep",57
"properties",57
"proven",57
"repeatedly",57
"representatives",57
"reverse",57
"roles",57
"scheme",57
"spice",57
"spotted",57
"squad",57
"steady",57
"stones",57
"targeted",57
"threatened",57
"tix",57
"toast",57
"trenton",57
"triple",57
"underground",57
"vast",57
"visual",57
"weapon",57
"whites",57
"aaron",56
"accurate",56
"advisory",56
"apologize",56
"basement",56
"britain",56
"buzz",56
"charlotte",56
"cited",56
"contains",56
"cops",56
"courses",56
"cure",56
"dang",56
"diagnosed",56
"diamond",56
"edward",56
"eligible",56
"entries",56
"et",56
"excitement",56
"factory",56
"forum",56
"ginger",56
"governors",56
"graduated",56
"greatly",56
"grounds",56
"heritage",56
"illness",56
"interior",56
"laura",56
"lease",56
"lovers",56
"mi",56
"nhl",56
"ninth",56
"painful",56
"pine",56
"plaza",56
"relaxing",56
"reminder",56
"representing",56
"reservations",56
"rides",56
"rings",56
"rogers",56
"sausage",56
"server",56
"shoulders",56
"signal",56
"spoon",56
"stages",56
"struggled",56
"tan",56
"tongue",56
"travelers",56
"treats",56
"amounts",55
"applying",55
"blown",55
"bubble",55
"burned",55
"canadian",55
"captured",55
"cheaper",55
"cincinnati",55
"cleared",55
"conservatives",55
"crush",55
"crystal",55
"danny",55
"deficit",55
"desperate",55
"dialogue",55
"drag",55
"employers",55
"evolution",55
"extend",55
"feeding",55
"fiber",55
"format",55
"frustrated",55
"gains",55
"gender",55
"gingrich",55
"gordon",55
"gospel",55
"husbands",55
"invest",55
"lawn",55
"leather",55
"lock",55
"managing",55
"manhattan",55
"matches",55
"mild",55
"motivation",55
"negotiations",55
"networking",55
"nomination",55
"packages",55
"parked",55
"pastor",55
"penn",55
"pirates",55
"premiere",55
"prosecutor",55
"regulations",55
"roasted",55
"scandal",55
"sentenced",55
"spurs",55
"stake",55
"stressed",55
"substantial",55
"superintendent",55
"thee",55
"twist",55
"un",55
"uniform",55
"unto",55
"wallace",55
"waves",55
"widely",55
"achievement",54
"appreciation",54
"attempting",54
"bail",54
"barrel",54
"battery",54
"casual",54
"cousins",54
"creations",54
"dare",54
"dat",54
"destruction",54
"disagree",54
"divine",54
"donated",54
"ease",54
"electricity",54
"element",54
"encouraging",54
"ers",54
"exhausted",54
"expanded",54
"fights",54
"firstround",54
"gently",54
"grandfather",54
"hint",54
"hubby",54
"insane",54
"lame",54
"lifestyle",54
"log",54
"modest",54
"outcome",54
"parker",54
"pin",54
"printed",54
"producers",54
"purchases",54
"radical",54
"ranch",54
"ratings",54
"remarkable",54
"reveal",54
"ruled",54
"seasonal",54
"shoe",54
"skirt",54
"smells",54
"socalled",54
"soda",54
"sour",54
"spell",54
"stable",54
"stanford",54
"styles",54
"universal",54
"utah",54
"wire",54
"alert",53
"architecture",53
"arguments",53
"bbq",53
"belly",53
"blew",53
"blowing",53
"bow",53
"breathe",53
"bunny",53
"burst",53
"carpet",53
"collected",53
"convince",53
"creatures",53
"crowds",53
"differently",53
"discount",53
"eagles",53
"emotion",53
"engaging",53
"explaining",53
"fate",53
"filing",53
"finale",53
"fundraiser",53
"generations",53
"gilbert",53
"hike",53
"institution",53
"legend",53
"managers",53
"massage",53
"mentions",53
"miracle",53
"muscle",53
"novels",53
"nurse",53
"operate",53
"ounce",53
"overwhelming",53
"pa",53
"patent",53
"potter",53
"pumped",53
"questioned",53
"racist",53
"recovering",53
"ridge",53
"rounds",53
"shelves",53
"significantly",53
"subjects",53
"sustainable",53
"telephone",53
"tennessee",53
"thursdays",53
"trainer",53
"urged",53
"zombie",53
"assessment",52
"assets",52
"assist",52
"assuming",52
"attract",52
"barry",52
"beliefs",52
"bieber",52
"compensation",52
"contributions",52
"crisp",52
"รฐย",52
"dawn",52
"dennis",52
"discovery",52
"distribution",52
"dope",52
"doug",52
"duke",52
"dynamic",52
"embarrassing",52
